201802,https://store.steampowered.com/app/201802/Orcs_Must_Die_2__Are_We_There_Yeti/
204388,https://www.g2a.com/dungeon-defenders-collection-steam-gift-global-i10000044428001
213210,https://store.steampowered.com/app/213210/Borderlands_2_Mr_Torgues_Campaign_of_Carnage/
214570,https://www.g2a.com/ether-vapor-remaster-steam-key-global-i10000043608004
233840,https://store.steampowered.com/app/233840/Worms_Clan_Wars/
254700,https://residentevil.fandom.com/wiki/Resident_Evil_4_%282005%29/gallery
284160,https://store.steampowered.com/app/284160/BeamNGdrive/
625050,https://store.epicgames.com/en-US/p/europa-universalis-iv--third-rome-immersion-pack
290300,https://www.ign.com/games/rebel-galaxy
297831,https://store.steampowered.com/app/297831/Total_War_ROME_II___Black_Sea_Colonies_Culture_Pack/
330020,https://techraptor.net/gaming/previews/how-dead-mage-created-art-for-children-of-morta
337480,https://www.mobygames.com/game/84771/zombie-vikings/cover/cover-385294/
362680,https://store.steampowered.com/app/362680/Fran_Bow/
394310,https://www.mobygames.com/game/78893/punch-club/cover/cover-483052/
395232,https://store.steampowered.com/app/395232/HELLDIVERS__Defenders_Pack/
402560,https://www.facebook.com/TabletopiaGames/
402990,https://store.steampowered.com/app/402990/Chicken_Invaders_5__Halloween_Edition/
425580,https://en.wikipedia.org/wiki/The_Room_Two
434420,https://store.steampowered.com/app/434420/The_Chosen_RPG/
442210,https://www.releases.com/p/switchcars
446020,https://glitchwave.com/game/jalopy/
485360,https://www.nintendolife.com/news/2019/09/feature_the_worst_box_art_of_all_time_-_10_terrible_game_covers
485510,https://en.wikipedia.org/wiki/Nioh
493060,https://www.pcgamingwiki.com/wiki/Ballistic_Tanks
503270,https://store.steampowered.com/app/503270/TOXIKK__UPGRADE__Free_Edition_to_FULL_GAME/
515130,https://www.youtube.com/watch?v=PKF2SBAh__s
838390,https://www.mobygames.com/game/134600/merry-glade/
526870,https://www.reddit.com/r/SatisfactoryGame/comments/hsj7ub/custom_satisfactory_grid_image_for_steam/
528230,https://store.steampowered.com/app/528230/SYNTHETIK_Legion_Rising/
574180,https://www.mobygames.com/game/133346/remnant-from-the-ashes/cover/group-227444/cover-586766/
589200,https://www.uploadvr.com/early-vr-horror-game-dreadhalls-arrives-steam/
642240,https://aoiogata.artstation.com/albums/1964737
680380,https://www.mobygames.com/game/118801/night-call/cover/cover-612928/
697650,https://altarofgaming.com/game/the-25th-ward-the-silver-case/
723390,https://www.imdb.com/title/tt8054606/
727850,https://www.imdb.com/title/tt12574286/
732860,https://store.epicgames.com/en-US/p/elex--digital-extras
734980,https://boardgamegeek.com/boardgame/145203/prosperity
748680,https://jeffvandyck.bandcamp.com/album/hand-of-fate-ii-original-soundtrack
768240,https://store.steampowered.com/app/768240/Warstone_OST_Artbook_and_Comics/
779430,https://store.steampowered.com/app/779430/Full_Ace_Tennis_Simulator/
790060,https://tvtropes.org/pmwiki/pmwiki.php/VideoGame/TheVoidRainsUponHerHeart
798290,https://www.amazon.com.au/Milestone-FG-MX18-PS4-E-MXGP-Pro-Game/dp/B07CGJ8LR2
804647,https://store.steampowered.com/app/804647/BBTAG_DLC_Character_Pack_Vol6__NineLabrysMika/
815780,https://store.steampowered.com/app/815780/PIPE_by_BMX_Streets/
822760,https://store.steampowered.com/app/822760/Fureraba_Friend_to_Lover/
908560,https://store.steampowered.com/app/908560/Intrepid_Izzy/
922500,https://www.wallpaperflare.com/search?wallpaper=kill+la+kill+video+games+fighting
942210,https://gg.deals/dlc/digital-limitedpack-ost-art-book-touhou-genso-wanderer-lotus-labyrinth-r/
951330,https://store.steampowered.com/app/951330/Weaponry_Dealer_VR/
1040230,https://www.ign.com/games/curious-expedition-2
1087420,https://store.steampowered.com/app/1087420/NTBSS_Master_Character_Training_Pack__Zabuza_Momochi/
1099581,https://www.mobygames.com/game/135748/beat-saber-imagine-dragons-natural/cover/group-244053/cover-622338/
1113550,https://glitchwave.com/game/bridge-constructor-portal/
1139940,https://www.mobygames.com/game/150129/atom-rpg-trudograd/cover/group-269281/cover-682001/
1143850,https://www.gog.com/en/game/blasphemous_digital_art_book
1162207,https://store.playstation.com/en-us/product/UP0700-CUSA09903_00-SC6DLC02PARTS004
1166840,https://tvtropes.org/pmwiki/pmwiki.php/Characters/BreachArchangelSeries
1235744,https://store.steampowered.com/app/1235744/The_Sims_4_Jungle_Adventure/
1235755,https://simsvip.com/2019/08/06/the-sims-4-moschino-stuff-official-logo-box-art-icon-and-renders/
1235758,https://www.amazon.co.uk/Sims-Romantic-Garden-Stuff-Code/dp/B01EXMSKNO
1237770,https://rateyourmusic.com/release/album/todd-masten/age-of-empires-ii-definitive-edition-vol-1-original-game-soundtrack/
1241510,https://en.wikipedia.org/wiki/Johnny_Test_%28video_game%29
1259440,https://gg.deals/game/mist-legacy/
1282410,https://en.wikipedia.org/wiki/Hard_West_2
1301720,https://store.steampowered.com/app/1301720/Escape_Room__Der_kranke_Kollege/
1313940,https://www.resetera.com/threads/worst-video-game-cover-art.163479/page-3
1337010,https://en.wikipedia.org/wiki/Alba:_A_Wildlife_Adventure
1361680,https://www.facebook.com/xcyberpunkdreamsx/photos/a.1875402739451713/2966346803690629/?type=3
1442650,https://whiteday.fandom.com/wiki/White_Day:_The_Courage_Test
1465260,https://www.reddit.com/r/cyberpunkgame/comments/kh1ky8/ive_remastered_the_original_cyberpunk_board_game/
1469620,https://epicbattlefantasy.fandom.com/wiki/Epic_Battle_Fantasy_5
1491510,https://store.steampowered.com/app/1491510/Recon_Control/
1494670,https://store.steampowered.com/app/1494670/Space_Dance_Harmony/
1505540,https://store.steampowered.com/app/1505540/Get_Together_A_Coop_Adventure/
1506680,https://www.mobygames.com/game/193869/horror-tycoon/
1507740,https://www.mobygames.com/game/5349/vampire-night/cover/group-8469/cover-18352/
1528460,https://www.discogs.com/release/24229454-David-Fenn-Deaths-Door-Original-Soundtrack
1573130,https://store.steampowered.com/app/1573130/VR_Chinese_Garden_Tour_HD_Flying_as_a_dragonfly/
1591870,https://store.steampowered.com/app/1591870/Drift_Phonk_666/
1613283,https://www.caranddriver.com/news/a37372308/forza-horizon-5-watch-gameplay-cover-art-reveal/
1613470,https://store.epicgames.com/en-US/p/roboplant-5cc445
1665080,https://jumanji.fandom.com/wiki/Jumanji:_The_Curse_Returns
628170,https://rateyourmusic.com/release/album/%E8%8F%85%E9%87%8E%E3%82%88%E3%81%86%E5%AD%90/uncharted-waters-ii/
1732800,https://store.steampowered.com/app/1732800/Cascade_Tactics/
1839940,https://wolfsgamingblog.com/2022/10/19/dakar-desert-rally-and-dabike-and-datruck-and-daquad/
1862690,https://venturebeat.com/games/you-cant-un-see-these-11-video-game-box-art-cliches/
1879330,https://www.pcgamingwiki.com/wiki/Warriors_Orochi_3_Ultimate_Definitive_Edition
1911520,https://store.steampowered.com/app/1911520/Call_to_Arms__Gates_of_Hell_Talvisota/
1945560,https://store.steampowered.com/app/1945560/World_of_Mines_Creators_Edition/
1953490,https://mythikiwi.itch.io/seven-deadly-dates
1971770,https://www.youtube.com/watch?v=uMVXwKHzUMk
1975660,https://www.gog.com/game/space_tail_every_journey_leads_home
1983244,https://store.steampowered.com/app/1983244/NTBSS_Master_Character_Training_Pack__Isshiki_Otsutsuki/
2011704,https://ec.nintendo.com/AU/en/aocs/70050000035594
2050530,https://store.steampowered.com/app/2050530/Age_of_Solitaire__Build_Civilization/
2050540,https://www.mobygames.com/game/133964/pocket-clothier/
2057430,https://www.rpgfan.com/gallery/marvels-guardians-of-the-galaxy-cover-art/
2105100,https://downloads.khinsider.com/game-soundtracks/album/love-money-rock-n-roll-ost-2022
2167454,https://ec.nintendo.com/AU/en/aocs/70050000039437
2215840,https://store.steampowered.com/app/2215840/MareQuest_Soundtrack/
300,https://dayofdefeat.fandom.com/wiki/Day_of_Defeat:_Source
40330,https://www.imdb.com/title/tt1155074/
44660,http://cct.aidemac.net/race/race07_packs.php
1040930,https://conanexiles.fandom.com/wiki/Treasures_of_Turan
63900,https://www.pcgamingwiki.com/wiki/Fantasy_Wars
215470,https://www.indiedb.com/games/primal-carnage/images/primal-carnage-concept-art171
239070,https://www.mobygames.com/game/148557/heroes-of-hammerwatch-ultimate-edition/cover/group-265841/cover-674284/
248570,https://www.imdb.com/title/tt25085112/
270010,https://www.g2a.com/time-rifters-steam-key-global-i10000048109002
272620,https://en.wikipedia.org/wiki/Serious_Sam%27s_Bogus_Detour
284000,https://www.amazon.com/Putt-Putt-Peps-Balloon-Rama-pc/dp/B00005QI54
284020,https://www.amazon.com.au/Freddi-Fish-Luthers-Maze-Madness/dp/B00164CGSS
293900,https://www.digitiser2000.com/main-page/is-this-the-most-iconic-video-game-cover-art-ever
297515,https://store.steampowered.com/app/231459/CoH_2__German_Commander_Fortified_Armor_Doctrine/
311260,https://www.amazon.com.au/The-Guild-3-For-PC/dp/B01DBR1WWI
320363,https://store.steampowered.com/app/320363/Barrys_Commandant_Costume/
340000,https://www.artstation.com/artwork/ozWbO
349300,https://www.otakustudy.com/visual-novel/2014/12/girlish-grimoire-littlewitch-romanesque-visual-novel-review/
349770,https://store.steampowered.com/app/349770/Dungeon_of_the_ENDLESS__Deep_Freeze_Addon/
358290,https://store.steampowered.com/app/358290/Hocus_Pocus/
374380,https://www.fanatical.com/en/game/revolution-under-siege-gold
409600,https://www.igdb.com/games/contract-with-the-devil
433280,https://en.wikipedia.org/wiki/Warlords_Battlecry_III
1933990,https://store.steampowered.com/app/1933990/Burger_Bistro_Story/
458730,https://www.ebay.com.au/itm/164847115335
461870,https://www.bigmoonstudios.com/bigmoonstudios.com/index.php/game/police-simulator-18.html
492230,http://www.honestxboxreviews.com/2018/10/review-space-hulk-tactics.html
505170,https://www.pcgamingwiki.com/wiki/Carmageddon:_Max_Damage
522130,https://vgboxart.com/
539470,https://store.steampowered.com/app/539470/Police_Stories/
612930,https://en.wikipedia.org/wiki/Fight_of_Gods
691830,https://www.mobygames.com/game/102367/avernum-3-ruined-world/
729570,https://www.reddit.com/r/KingdomHearts/comments/atgcob/i_have_a_question_regarding_the_kh2fm_cover_art/
732930,https://myvgbc.com/2022/03/09/wunderling-a-game-about/
738710,https://store.steampowered.com/app/738710/Neverwinter_Nights_Enhanced_Edition_Official_Soundtrack/
756080,https://www.mobygames.com/game/97319/bomber-crew/
766730,https://www.mobygames.com/game/153462/gachimuchi-reloaded/
769710,https://store.steampowered.com/app/635260/CarX_Drift_Racing_Online/
789460,https://store.playstation.com/en-us/product/UP0102-CUSA01200_00-CC20180000000000
799510,https://twitter.com/SuperSquidlit
812070,https://www.gematsu.com/games/project-nightmares-case-36-henrietta-kedward
823130,https://store.steampowered.com/app/823130/Totally_Accurate_Battlegrounds/
840390,https://en.wikipedia.org/wiki/Startopia
2086160,https://stray.fandom.com/wiki/Soundtrack
840800,https://en.wikipedia.org/wiki/Outlaws_%281997_video_game%29
841770,https://www.nintendolife.com/games/switch-eshop/siralim_3
850980,https://en.wikipedia.org/wiki/Guilty_Gear_Xrd
854250,https://itch.io/games/store/tag-racing
884000,https://www.artstation.com/artwork/3o8qdJ
900050,https://www.pcgamingwiki.com/wiki/Amber%27s_Airline_-_High_Hopes
914010,https://www.keengamer.com/articles/reviews/pc-reviews/train-station-renovation-review-worth-jumping-on-the-hype-train/
923260,https://www.mobygames.com/game/123208/golf-peaks/cover/group-313046/cover-766788/
959880,https://www.mobygames.com/game/140312/dungeon-town/
1020590,https://store.steampowered.com/app/1020590/Space_Pilgrim_Academy_Reunion/
1020800,https://www.reddit.com/r/Unity3D/comments/cgc455/pc_car_tune_project/
1048920,https://store.steampowered.com/app/1048920/The_Jolly_Gangs_Misadventures_in_Africa/
1084520,https://store.steampowered.com/app/1084520/_/?l=japanese
1101760,https://www.nintendolife.com/news/2019/09/feature_the_worst_box_art_of_all_time_-_10_terrible_game_covers
1136730,https://gamerant.com/worst-video-game-box-art-mistakes/
1142080,https://m.taptap.io/post/1563064
1145690,https://www.mobygames.com/game/134567/hero-siege-companion-bundle/
1157700,https://store.steampowered.com/app/1157700/Pro_Wrestling_Sim/
1218280,https://store.steampowered.com/app/1218280/Bad_Guys_at_School/
1055810,https://store.steampowered.com/app/1055810/Muse_Dash__Just_as_planned/
1220150,https://www.pcgamingwiki.com/wiki/Blue_Fire
1233250,https://store.steampowered.com/app/1233250/Abracadabrew/
1265870,https://store.steampowered.com/app/1265870/Cave_Digger_PC_Edition/
1270620,https://store.steampowered.com/app/1270620/Project_Chemistry/
1285160,https://store.steampowered.com/app/1285160/Depanneur_Nocturne/
1289451,https://store.steampowered.com/app/1289451/TEKKEN_7__DLC16_Kunimitsu/
1299400,https://www.gamedesigning.org/graphic/cover-art/
1335530,https://www.youtube.com/watch?v=EtYYoYlTW-w
1353945,https://dorksideoftheforce.com/2022/03/08/lego-star-wars-the-skywalker-saga-dlc-packs-unveiled/
1375250,https://www.mobygames.com/game/157679/neoverse-hot-break-costume-pack/
1399240,https://play.google.com/store/apps/details?id=tokyo.seec.yotumegamiEn&hl=en_GB
1437000,https://jeanfrancoisracine.bandcamp.com/album/outward-the-three-brothers-ost
1444920,https://store.steampowered.com/app/1444920/Doctor_Who_The_Edge_of_Reality/
1466680,https://www.igdb.com/games/sakura-mmo-extra/presskit
1478410,https://m.18touch.com/game/62377.html
1497160,https://store.epicgames.com/en-US/p/surviving-mars--surviving-mars-in-dome-buildings-pack
1537993,https://store.steampowered.com/app/1537993/Borderlands_3_Multiverse_Disciples_of_the_Vault_Zane_Cosmetic_Pack/
1549550,https://store.steampowered.com/app/1549550/Haven_Park/
1575885,https://store.steampowered.com/app/1338770/Sniper_Ghost_Warrior_Contracts_2/
1631640,https://www.youtube.com/watch?v=FBqfCrfKOxM
2160330,https://www.reddit.com/r/cfinfodump/comments/ys4de6/hunt_showdown_frau_perchta_dlc_datamined_w_images/
1656600,https://www.etsy.com/sg-en/market/game_cube_cover
1662505,https://store.steampowered.com/app/1662505/World_of_Tanks__Heavy_Cavalry_Pack/
1687760,https://www.reddit.com/r/ExosHeroes/comments/tt49cq/love_this_artwork/
1694260,https://twitter.com/MoonsOfArdan
1698690,https://www.automationgame.com/
1758910,https://www.amazon.com/Time-Commando-Playstation/dp/B00002SU6N
1772310,https://store.steampowered.com/app/1772310/Grey_Heritage_Faded_Vision/
1778720,https://gamechronicles.com/blast-beat-review-pc-vr/
1809770,https://store.steampowered.com/app/1809770/Lust_for_Darkness_VR_M_Edition/
1931910,https://www.mobygames.com/game/190649/thehunter-call-of-the-wild-revontuli-coast/
2005311,https://gg.deals/dlc/the-king-of-fighters-xv-dlc-team-pass-team-pass-2/
2062240,https://store.steampowered.com/app/2062240/Touhou_Monster_TD__Mokou_DLC/
2137200,https://store.steampowered.com/app/2137200/Novi_Cube/
2141730,https://www.youtube.com/watch?v=HKw8dTGVg2E
2149480,https://www.shutterstock.com/search/cowboy-card-game
2840,https://store.steampowered.com/app/2840/X_Beyond_the_Frontier/
3020,https://www.pinterest.com/pin/735353445388809833/
47898,https://simsvip.com/2011/04/04/more-info-on-sims-3-generations/
55150,https://store.steampowered.com/app/55150/Warhammer_40000_Space_Marine__Anniversary_Edition/
2165590,https://store.steampowered.com/app/2165590/Deep_Rock_Galactic__Biohazard_Pack/
56400,"https://en.wikipedia.org/wiki/Warhammer_40,000:_Dawn_of_War_II_%E2%80%93_Retribution"
71000,https://wall.alphacoders.com/by_sub_category.php?id=199673&name=Evochron+Mercenary+Wallpapers
94303,https://store.steampowered.com/app/94303/The_Dream_Machine_Chapter_3/
215535,https://www.mobygames.com/game/102709/the-incredible-adventures-of-van-helsing-thaumaturge/cover/group-181169/cover-493594/
227860,https://www.pcgamingwiki.com/wiki/Castle_Story
231330,https://en.wikipedia.org/wiki/Deadfall_Adventures
244890,https://www.imdb.com/title/tt4149746/
250990,https://www.digitalcombatsimulator.com/en/products/planes/dora/
258810,https://boardgamegeek.com/boardgame/38025/talisman-revised-4th-edition-reaper-expansion
299680,https://www.gamedeveloper.com/programming/tengami-the-art-of-a-folding-world
307960,https://www.mobygames.com/game/5410/il-2-sturmovik/
317300,https://ladiesgamers.com/roommates-review-nintendo-switch/
318511,https://store.steampowered.com/app/318511/Euro_Truck_Simulator_2__Czech_Paint_Jobs_Pack/
324680,https://store.steampowered.com/app/324680/Impossible_Creatures_Steam_Edition/
336760,https://www.pcgamingwiki.com/wiki/Pilot_Brothers
339330,https://store.steampowered.com/app/339330/Shovel_Knight_Treasure_Trove_Soundtrack_Collection/
341730,https://labcavegames.artstation.com/projects/XnYNYy
368340,https://en.wikipedia.org/wiki/CrossCode
383230,https://en.wikipedia.org/wiki/Dark_Souls_%28video_game%29
387990,https://en.wikipedia.org/wiki/Scrap_Mechanic
395236,https://store.playstation.com/en-us/product/UP9000-CUSA00142_00-ENT0070000000000
397780,https://venturebeat.com/games/you-cant-un-see-these-11-video-game-box-art-cliches/
406850,https://www.nintendo.co.uk/Games/Nintendo-Switch-download-software/Crush-Your-Enemies--1405592.html
425210,https://www.mobygames.com/game/87006/shadwen/
428540,https://www.wikiwand.com/en/Fragments_of_Him
445220,https://steamcommunity.com/sharedfiles/filedetails/?id=1990733216
464840,https://store.steampowered.com/app/464840/SteamWorld_Heist_The_Outsider/
467400,https://www.pcgamingwiki.com/wiki/Go_For_Launch:_Mercury
495280,https://www.creativeuncut.com/gallery-06/dis2-cover-art.html
500214,https://store.steampowered.com/app/500214/Train_Simulator_Rebuilt_Bulleid_Light_Pacific_Steam_Loco_AddOn/
537330,https://100orangejuice.fandom.com/wiki/100%25_Orange_Juice!
539660,https://www.kickstarter.com/projects/sekaiproject/chronoclock-limited-edition-box-set-and-exclusive
553640,https://store.steampowered.com/app/553640/ICEY/
554220,https://mygaming.co.za/news/features/113201-video-game-cover-art-then-and-now
606710,https://sphinxandthecursedmummy.fandom.com/wiki/Sphinx_and_the_Cursed_Mummy
609490,https://rateyourmusic.com/release/album/jukio-kallio/minit/
650330,https://www.pcgamingwiki.com/wiki/Sanator:_Scarlet_Scarf
655100,https://za.ign.com/kingdom-hearts-iii/125058/news/kingdom-hearts-3-box-art-revealed
663210,https://www.nintendo.co.uk/Games/Nintendo-Switch-download-software/12-Labours-Of-Hercules-VII-Fleecing-The-Fleece-2360382.html
706020,https://tvtropes.org/pmwiki/pmwiki.php/VideoGame/FadeToSilence
724490,https://www.ign.com/videos/the-callisto-protocols-glen-schofield-reveals-cover-art-inspiration
741150,https://store.steampowered.com/app/741150/ArtPose_Pro/
757300,https://www.imdb.com/title/tt11495660/
779290,https://en.wikipedia.org/wiki/Stygian:_Reign_of_the_Old_Ones
787670,https://www.jbhifi.com.au/products/nintendo-switch-temtem
803330,https://en.wikipedia.org/wiki/Destroy_All_Humans!_%282020_video_game%29
812550,https://howlongtobeat.com/game/58024
815370,https://www.imdb.com/title/tt10653442/
842150,https://store.steampowered.com/app/842150/Wild_West_Saga_Idle_Tycoon_Clicker/
853450,https://whatsnew.games/game/nevergrind-online
909720,https://store.playstation.com/en-us/product/UP4064-CUSA10940_00-OVERCOOKED200002
912170,https://venturebeat.com/games/you-cant-un-see-these-11-video-game-box-art-cliches/
926990,https://www.redbubble.com/people/wolfquest/shop
961930,http://battlebrothersgame.com/beasts-exploration-release/
964800,https://www.amazon.com.au/U-I-Entertainment-Prodeus-PlayStation/dp/B0BHM3FGBB
974740,https://www.mobygames.com/game/116551/dont-starve-together-all-survivors-magmatic-chest/
980210,https://www.pcgamingwiki.com/wiki/HordeCore
1019931,https://dark-deception-game.fandom.com/wiki/Chapter_4:_Mortal_Ramifications
1028703,https://www.mobygames.com/game/121906/fateextella-link-beach-flower/cover/group-202807/cover-538816/
1032390,https://phoenixglendinning.bandcamp.com/album/eastshade-original-soundtrack
1056840,https://www.fanatical.com/en/game/arcanium-rise-of-akhan
1105670,https://www.mobygames.com/game/166094/the-last-spell/
1109205,https://store.steampowered.com/app/1109205/Train_Simulator_Bernina_Line_Poschiavo__Tirano_Route_AddOn/
1116770,https://www.reddit.com/r/NintendoSwitchBoxArt/comments/evasml/shovel_knight_cover_redesign/
1144180,https://soundcloud.com/user-235837447/thems-fightin-herds
1181530,https://store.steampowered.com/app/1181530/This_Land_Is_My_Land_Founders_Edition_DLC/
1192910,https://www.mobygames.com/game/161085/food-girls-civil-war/
1215320,https://www.mobygames.com/game/144275/piczle-cross-adventure/cover/cover-650776/
1235830,https://store.steampowered.com/app/1235830/Dark_Water__Slime_Invader/
1241570,https://dyinglight.fandom.com/wiki/5th_Anniversary_Bundle
1242756,https://store.steampowered.com/app/1242755/Monster_Hunter_World_Iceborne__Pendant_Flying_Meduso/
1262540,https://en.wikipedia.org/wiki/Need_for_Speed_%282015_video_game%29
1271400,https://www.imdb.com/title/tt14521424/
1291400,https://store.steampowered.com/app/1291400/Cloudpunk_Soundtrack/
1295740,https://www.mobygames.com/game/202655/mine-dungeon-ii-rurumus-trip/
1302860,https://store.steampowered.com/app/1302860/Assembly_Planter/
1325890,https://www.gameinformer.com/product/silt
1368950,https://store.steampowered.com/app/1368950/VTuber_Maker/
1372530,https://store.steampowered.com/app/1372530/Fly_Corp/
1419040,https://www.amazon.com/Road-Maintenance-Simulator-PlayStation-4/dp/B09T1377HP
1423600,https://www.amazon.com.au/BLUE-REFLECTION-Second-Nintendo-Switch/dp/B09BGDLBWK
1441400,https://www.youtube.com/watch?v=igbo5t7_SoU
1446991,https://en.wikipedia.org/wiki/Fernbus_Simulator
1455840,https://en.wikipedia.org/wiki/Dorfromantik
1473550,https://www.eastasiasoft.com/games/Habroxia-2
1492620,https://store.steampowered.com/app/1492620/Jelly_Is_Sticky/
1517970,https://en.wikipedia.org/wiki/Aeterna_Noctis
1576370,https://www.gog.com/en/game/replikator
1599880,https://en.wikipedia.org/wiki/Blinx:_The_Time_Sweeper
1600370,https://www.youtube.com/watch?v=Z2ay-KbMyA8
1611910,"https://en.wikipedia.org/wiki/Warhammer_40,000:_Chaos_Gate_-_Daemonhunters"
1612520,https://www.livemixtapes.com/mixtapes/16145/southern_smoke_radio.html
1708550,https://www.pcgamingwiki.com/wiki/Cassiodora
1711420,https://store.steampowered.com/app/1711420/Queer_Man_Peering_Into_A_Rock_Pooljpg/
1734230,https://www.fortressofdoors.com/making-a-videogame-cover-that-doesnt-suck/
312410,https://www.deviantart.com/dabana/art/Defense-Zone-2-Cover-Art-354203364
1736300,https://www.mobygames.com/game/9646/blade-ii/cover/group-10569/cover-22487/
1739020,https://store.epicgames.com/en-US/p/world-of-warships--oktyabrskaya-revolutsiya-mega-pack
1777750,https://vgmdb.net/release/13119
1797960,https://store.steampowered.com/app/1797960/MONSTER_HUNTER_RISE__Wyverian_Earrings_Hunter_layered_armor_piece/
1849570,https://store.steampowered.com/app/1909920/3/
1879710,https://store.steampowered.com/app/1879710/Black_Book__Endless_Battles/
1927110,https://store.steampowered.com/app/1927110/Touhou_Mystias_Izakaya_DLC2_Pack__Former_Hell__Chireiden/
1946070,https://www.imdb.com/title/tt18939272/
1962770,https://store.steampowered.com/app/1962770/Nova_Empire/
1998977,https://store.steampowered.com/app/1998977/Train_Sim_World_3_Bahnstrecke_Bremen__Oldenburg_Route_AddOn/
2012610,https://www.grimdarkmagazine.com/review-age-of-the-undead-by-c-l-werner/
2113570,https://www.mobygames.com/game/195936/ascend-reborn/
2117950,https://musicbrainz.org/release/1dbd05c7-d28f-4dac-b605-478c8522a600/cover-art
2134640,https://www.macgamestore.com/product/13742/Viking-Heroes-III-Collectors-Edition/
2256230,https://store.steampowered.com/app/2256230/Bad_cat_Sam/
8880,https://en.wikipedia.org/wiki/Freedom_Force_%28video_game%29
12500,https://www.amazon.com.au/Puzzle-Quest-Challenge-Warlords-Playstation/dp/B000SKMF1Y
209540,https://www.pcgamingwiki.com/wiki/Strike_Suit_Zero:_Director%27s_Cut
211400,https://en.wikipedia.org/wiki/Deadlight_%28video_game%29
222940,https://www.instant-gaming.com/en/5346-buy-the-king-of-fighters-xiii-pc-game-steam/
257510,https://www.imdb.com/title/tt3817070/
267784,https://boardgamegeek.com/boardgame/131816/talisman-revised-4th-edition-city-expansion
277775,https://www.direct2drive.com/#!/download-train-simulator-addon--soldier-summit-route/5011135
293680,https://en.wikipedia.org/wiki/Cinders_%28video_game%29
310700,https://www.mobygames.com/game/70940/super-win-the-game/
316790,https://en.wikipedia.org/wiki/Grim_Fandango
319510,https://bloody-disgusting.com/movie/3762421/five-nights-at-freddys-first-official-poster-for-blumhouses-video-game-horror-movie/
334310,https://www.arealgamer.org/plebby-quest-the-crusades/
356831,https://downloads.khinsider.com/game-soundtracks/album/a-hat-in-time-gamerip
358020,https://www.gog.com/en/game/infested_planet_tricksters_arsenal
380120,https://store.steampowered.com/app/380120/Celias_Quest/
382466,https://www.mobygames.com/game/82239/tales-of-zestiria-attachments-set/
383690,https://www.pcgamingwiki.com/wiki/Mu_Complex
384180,https://glitchwave.com/game/prominence-poker/release/playstation-4/
397690,https://store.steampowered.com/app/397690/Hyperspace_Invaders_II_Pixel_Edition/
415480,https://www.slantmagazine.com/games/hyperdevotion-noire-goddess-black-heart/
418810,https://rare-gallery.com/133263-cold-darkness-awakened-rise-of-the-tomb-raider-dlc.html
422480,https://www.g2a.com/lego-marvels-avengers-thunderbolts-character-pack-steam-gift-global-i10000009494001
434067,https://store.steampowered.com/app/434067/OMSI_2_AddOn_Aachen/
440520,https://store.steampowered.com/app/440520/VirtualHere_For_Steam_Link/?l=swedish
720620,https://www.reddit.com/r/talespire/comments/ikk3zq/the_new_merchant_assets_are_really_nice_for/
466300,https://en.wikipedia.org/wiki/Planescape:_Torment
475550,https://en.wikipedia.org/wiki/Eye_of_the_Beholder_%28video_game%29
514290,https://store.steampowered.com/app/514290/Factory_Engineer/
536280,https://www.ign.com/articles/disintegration-45-new-behind-the-scenes-images-a-ign-first
537450,https://www.mobygames.com/game/96559/recore-definitive-edition/cover/group-152347/cover-429228/
548850,https://downloads.khinsider.com/game-soundtracks/album/orwell
558450,https://www.pinterest.com/pin/807129564483190848/
575300,https://www.mobygames.com/game/95668/sniper-ghost-warrior-3-the-sabotage/cover/group-179830/cover-490692/
576810,https://www.indiedb.com/games/2-ninjas-1-cup
580180,https://store.steampowered.com/app/580180/BallisticNG__Bling_Pack/
594130,https://klace.itch.io/windsofchange
601220,https://www.youtube.com/watch?v=GesOWl2xrVY
610370,https://fbpsound.bandcamp.com/album/desperados-iii-original-game-soundtrack-extended-version
649600,https://howlongtobeat.com/game/47338
668360,https://store.steampowered.com/app/668360/Bokuten__Why_I_Became_an_Angel/
673800,https://store.steampowered.com/app/673800/Zup_XS/
686711,https://www.trueachievements.com/n32119/wayforward-releases-trailer-for-shantae-halfgenie-hero-costume-pack-dlc
694280,https://sniperelite.fandom.com/wiki/Zombie_Army_4:_Dead_War
702990,https://store.steampowered.com/app/702990/The_Surge__A_Walk_in_the_Park_DLC/
726050,https://store.steampowered.com/app/726050/Stick_Fight_The_Game_OST/
774091,https://www.allkeyshop.com/blog/buy-ostalgie-the-berlin-wall-cd-key-compare-prices/
784930,https://howlongtobeat.com/game/88914
785790,https://www.imdb.com/title/tt11344546/
831570,https://levelupvideogames.com/used-gc-amazing-island-439876165351/
855550,https://store.steampowered.com/app/855550/Coffee_Noir__Business_Detective_Game/
871210,https://store.steampowered.com/app/871210/Lamp_Chronicle/
936180,https://www.pcgamingwiki.com/wiki/Atelier_Totori:_The_Adventurer_of_Arland_DX
941952,https://www.pcgamer.com/devil-may-cry-5s-live-action-cutscenes-finally-prove-that-games-are-art/
951670,https://soundcloud.com/tomtargett/precipice
952200,https://www.amazon.com.au/Illustration-Compatible-Playstation-DualShock-Controller/dp/B08KJ5XGVD
977400,https://store.steampowered.com/app/977400/Cell_to_Singularity__Evolution_Never_Ends/
978790,https://www.amazon.ca/Harvest-Moon-Frantic-Nintendo-Standard/dp/B0027CTBHM
987400,https://www.mobygames.com/game/4284/disneys-hercules/cover/group-69283/cover-236048/
1001321,https://www.mobygames.com/game/119904/world-of-warplanes-i-16-29-pack/
1016120,https://www.golfchannel.com/news/justin-thomas-revealed-cover-athlete-pga-tour-2k21-video-game
1058710,https://en.wikipedia.org/wiki/Crusader_Kings_%28video_game%29
1075190,https://www.pcgamingwiki.com/wiki/A_Game_of_Thrones:_The_Board_Game_-_Digital_Edition
1088090,https://www.imdb.com/title/tt13068330/
1114380,https://store.steampowered.com/app/1114380/Orgynizer/
327130,https://www.mobygames.com/game/73597/men-of-war-assault-squad-2-iron-fist/cover/group-115375/cover-306651/
1134520,https://www.pcgamingwiki.com/wiki/Dark_Light
1146830,https://store.epicgames.com/en-US/p/thehunter-call-of-the-wild--high-tech-hunting-pack
1180490,https://www.mobygames.com/game/139257/hunt-showdown-the-rat/cover/group-264694/cover-671818/
1188900,https://store.steampowered.com/app/1188900/Fire_Tonight/
1196400,https://www.macgamestore.com/product/11732/Mystery-Case-Files-Black-Crown-Collectors-Edition/
1198860,https://www.pinterest.com/pin/498210777504183842/
1202061,https://www.playstationlifestyle.net/2021/10/04/tales-of-arise-sword-art-online-collaboration/
1212830,https://store.steampowered.com/app/1212830/Seek_Girl/
1236500,https://demifiendrsa.tumblr.com/post/612992051177570304/tekken-7-dlc-1415-and-patch-v330
1249800,https://www.amazon.com.au/Xuan-Yuan-Sword-7-PS4/dp/B0967NHYC2
1250730,https://en.wikipedia.org/wiki/Fernbus_Simulator
1252080,"https://www.game-ost.com/albums/275588/yes,_your_grace_soundtrack/"
1285210,https://store.steampowered.com/app/1285210/CasinoLife_Poker__1_Free_Texas_Holdem_3D/
1286880,https://www.pcgamingwiki.com/wiki/Ship_Graveyard_Simulator
1321030,https://www.gog.com/en/game/no_one_lives_in_heaven
1352030,https://store.steampowered.com/app/1352030/Blackthorn_Arena__Gods_of_War/
1363680,https://www.nintendolife.com/news/2019/09/feature_the_worst_box_art_of_all_time_-_10_terrible_game_covers
1367300,https://www.mobygames.com/game/165979/blade-assault/cover/group-361626/cover-869676/
1377650,https://store.steampowered.com/app/1377650/Automobilista_2__Hockenheimring_Pack/
1434330,https://www.mobygames.com/game/173054/blaze-and-the-monster-machines-axle-city-racers/
500190,https://www.artstation.com/artwork/G8PQN4
1491200,https://store.steampowered.com/app/1491200/Few_Nights_More/
1493300,https://www.mobygames.com/game/156036/100-hidden-aliens/
1503920,https://store.steampowered.com/app/1503920/Aery__A_Journey_Beyond_Time/
1514840,https://store.steampowered.com/app/1514840/AllInOne_Sports_VR/
1526930,https://www.youtube.com/watch?v=L878IRXb3xI
1530012,https://store.steampowered.com/app/1530012/Forza_Horizon_4_Hot_Wheels_Legends_Car_Pack/
1539580,https://www.youtube.com/watch?v=AFs6gkrnxkw
1585020,https://store.steampowered.com/app/1590250/Junkpunk_Arena/
1603940,https://www.mobygames.com/game/198941/nuclear-war-simulator/
1605220,https://www.altchar.com/features/dune-spice-wars-preview-the-spice-must-flow-aZMO29j838Pg
1629530,https://www.imdb.com/title/tt22029880/
1637170,https://gocdkeys.com/en/buy-naraka-bladepoint-deluxe-dlc-pc-cd-key
1657780,https://www.mobygames.com/game/192338/ultimechs/
1676010,https://store.steampowered.com/app/809230/Unity_of_Command_II/
1721530,https://store.steampowered.com/app/1721530/The_Captain/
1733880,https://azurestrikergunvolt.fandom.com/wiki/Gunvolt_Chronicles:_Luminous_Avenger_iX
1740900,https://store.steampowered.com/app/1485080/Just_Act_Natural/
1791620,https://www.heypoorplayer.com/2015/04/15/disgaea-5-final-box-art-revealed/
1117140,https://www.mobygames.com/game/131878/euro-truck-simulator-2-goodyear-tyres-pack/
323341,https://www.fanatical.com/en/dlc/oddworld-new-n-tasty-alf-s-escape-dlc
1802270,https://venturebeat.com/games/you-cant-un-see-these-11-video-game-box-art-cliches/
1804360,https://store.steampowered.com/app/1804360/Slot_Idler/
1829380,https://store.steampowered.com/app/1829380/From_the_Depths__Steel_Striders_Anime_Girl_Characters/
1835870,https://steamcommunity.com/app/1835870
1860860,https://www.pcgamingwiki.com/wiki/Flower_Girl_2
1861870,https://store.steampowered.com/app/1861870/Shadow_Fate/
1919460,https://www.mobygames.com/game/184290/seraphs-last-stand/
1949190,https://glitchwave.com/game/necrosmith/
1954200,https://en.wikipedia.org/wiki/Kena:_Bridge_of_Spirits
1983243,https://psprices.com/region-us/game/5914446/ntbss-master-character-training-pack-naruto-uzumaki-baryon-mode
2022920,https://en.wikipedia.org/wiki/Out_Zone
2066490,https://store.steampowered.com/app/2066490/Robot_Resistors/
2088630,https://store.steampowered.com/app/2088630/Airport_Ground_Handling_Simulator_VR/
2101382,https://store.steampowered.com/app/2101382/Train_Sim_World_3_The_Holiday_Express__Runaway_Elf/
2222440,https://store.steampowered.com/app/2222440/VAIL_VR_Founder_Pack/
2610,https://store.steampowered.com/app/2610/GUN/
8980,https://en.wikipedia.org/wiki/Borderlands_%28video_game%29
61510,https://en.wikipedia.org/wiki/Age_of_Wonders_II:_The_Wizard%27s_Throne
203990,https://www.mobygames.com/game/58270/satazius/cover/group-258278/cover-657944/
205710,https://www.keithparkinson.com/product/everquest-original-box-art/
205950,https://en.wikipedia.org/wiki/Jet_Set_Radio_Future
237050,https://en.wikipedia.org/wiki/Sanctum_2
253940,http://www.hardcoregaming101.net/septerra-core-legacy-of-the-creator/236214-septerra-core-legacy-of-the-creator-windows-front-cover/
269730,https://www.wikiwand.com/en/Miyasato_Miyoshi_Kyoudai_Naizou:_Sega_Golf_Club
280930,https://www.pcgamingwiki.com/wiki/Battlepillars_Gold_Edition
297793,https://store.steampowered.com/app/297793/Euro_Truck_Simulator_2__Scottish_Paint_Jobs_Pack/
306630,https://en.wikipedia.org/wiki/Civil_War_II
312840,https://en.wikipedia.org/wiki/Fahrenheit_%282005_video_game%29
327340,https://gg.deals/dlc/100-orange-juice-syura-nanako-character-pack/
335070,http://www.vrcworld.com/about/
335620,https://en.wikipedia.org/wiki/Star_Traders:_Frontiers
340700,https://www.gamespot.com/games/aqua-panic/
351551,https://www.wallpaperflare.com/mortal-kombat-tanya-mortal-kombat-mortal-kombat-logo-1024x768-video-games-mortal-kombat-hd-art-wallpaper-btkds
378504,https://www.mobygames.com/game/105384/one-piece-pirate-warriors-3-dlc-pack-1/
385250,https://en.wikipedia.org/wiki/Paint_It_Black
391510,https://www.mobygames.com/game/77749/rhem-iv-the-golden-fragments-se/
489610,https://www.nintendolife.com/reviews/switch-eshop/chicken_assassin_reloaded
490450,https://www.ign.com/articles/2017/05/31/tokyo-42-review
543980,https://steamcommunity.com/app/543980
570950,https://sigurdjj.bandcamp.com/album/devilated-official-video-game-soundtrack
573170,https://steamcommunity.com/sharedfiles/filedetails/?id=1201128902
588950,https://en.wikipedia.org/wiki/Kingsway_%28video_game%29
603810,https://store.steampowered.com/app/603810/A_Girls_Fabric_Face/
615120,https://store.steampowered.com/app/615120/COMPOUND/
625960,https://www.goonhammer.com/stoneshard-a-not-quite-dd-fourth-edition-game-you-should-check-out/
634340,https://www.mobygames.com/game/110729/legend-of-himari/
642800,https://store.steampowered.com/app/642800/Train_Simulator_MRCE_Dispolok_Pack_Loco_AddOn/
646673,https://www.mobygames.com/game/96461/pinball-fx3-core-collection/
663130,https://store.steampowered.com/app/663130/Game_Tengoku_CruisinMix_Special/
670160,https://www.imdb.com/title/tt22644308/
679990,https://steamcommunity.com/app/679990/images/
699130,https://wall.alphacoders.com/big.php?i=1151551
729000,https://en.wikipedia.org/wiki/Wytchwood
763970,https://www.pinterest.com/pin/leisure-suit-larry-1-in-the-land-of-the-lounge-lizards-amiga-front-cover--729442470895848251/
772430,https://store.steampowered.com/app/772430/Hero_of_the_Kingdom_III/
778160,https://store.steampowered.com/app/930100/Fox_Hime_Zero_Cosplay_Album/
830540,https://store.steampowered.com/app/830540/Motocross_Chasing_the_Dream/
2144481,https://www.instant-gaming.com/en/13179-buy-cities-skylines-content-creator-pack-skyscrapers-mac-pc-game-steam/
832360,https://hotel-magnate.com/
839670,https://play.google.com/store/apps/details?id=com.sylok.hiddenobject&hl=en_US
864680,https://www.pcgamingwiki.com/wiki/Rover_Mechanic_Simulator
866010,https://store.steampowered.com/app/866010/Beat_Stickman_Infinity_Clones/
870780,https://store.steampowered.com/app/870780/Control_Ultimate_Edition/
874260,https://en.wikipedia.org/wiki/The_Forgotten_City
909380,https://steamspy.com/app/909380
913060,https://www.pixelcrib.com.au/collections/jet-lancer
915460,https://www.pcgamingwiki.com/wiki/Ultimate_Hardbass_Defence
917690,https://www.mobygames.com/game/133563/vanilla-garden-of-judgement/
923910,https://www.mobygames.com/game/156164/eve-of-souls-static-pod/
1000640,https://www.pcgamingwiki.com/wiki/Clam_Man
1011510,https://store.steampowered.com/app/1011510/Wizard_And_Minion_Idle/
1028570,https://store.steampowered.com/app/1028570/Lofi_Ping_Pong/
1043250,https://www.youtube.com/watch?v=LjTDGhxcX3E
1044340,https://store.steampowered.com/app/1044340/The_7th_Guest_25th_Anniversary_Edition/
1299120,https://www.peakpx.com/en/hd-wallpaper-desktop-wkmpx
1067540,https://www.imdb.com/title/tt14175626/
1080020,https://en.wikipedia.org/wiki/Electrician_%28video_game%29
1093170,https://store.steampowered.com/app/1093170/Monstrum_2/
1099561,https://www.youtube.com/watch?v=LCTLnm401hI
1118240,https://fingerguns.net/reviews/2022/04/20/lake-review-ps5-time-marches-on-to-a-new-console/
1121300,https://www.yurianimenews.com/yuri-vn/yuri-visual-novel-spotlight-mizuchi
1132690,https://www.gog.com/en/game/knights_of_messiah
1141960,https://store.steampowered.com/app/1141960/Pathologic_2_Marble_Nest/
1167910,https://store.steampowered.com/app/1049790/Space_Engineers__Decorative_Pack/
1168680,https://www.mobygames.com/game/136667/cooking-simulator-cooking-with-food-network/
1180320,https://en.wikipedia.org/wiki/Total_War:_Three_Kingdoms
1211470,https://store.steampowered.com/app/1211470/Train_Simulator_Fife_Circle_Line_Edinburgh__Dunfermline_Route_AddOn/
1220100,https://www.prompthunt.com/prompt/cl90hfecs11694149tqyqslhn7cu
1225560,https://www.ea.com/games/unravel
1230140,https://twitter.com/famitsu/status/1273835702585683969
1242759,https://store.steampowered.com/app/1242759/Monster_Hunter_World_Iceborne__Pendant_Rainbow_Balloons/
1243770,https://store.steampowered.com/app/1243770/Holdfast_Nations_At_War__Loyalist_Upgrade/
1261180,https://store.steampowered.com/app/1261180/Rebirth_Online/
1287810,https://www.audible.com.au/pd/B0C4FTD8RR
2168960,https://store.steampowered.com/app/2168960/Across_The_Obelisk_Spooky_night_in_Senenthia/
1300700,https://store.steampowered.com/app/1300700/Kingdom_Wars_4/
1308900,http://www.vgmonline.net/soundtracks-final-fight-series-finally-released/
1325900,https://en.wikipedia.org/wiki/File:Demon_Turf_Promotional_Art.jpg
1359090,https://www.behance.net/gallery/77457177/Firewall-Zero-Hour-Key-Art-Sony-PlayStation
1375364,https://www.uploadvr.com/beat-saber-linkin-park-review/
1390350,https://www.imdb.com/title/tt15685542/
1394890,https://store.steampowered.com/app/1394890/Steam_Prison__Fin_Route/
1424350,https://mattulicny.com/projects/v2EqZE
1444020,https://store.steampowered.com/app/1444020/Reactor_Tech/
1459910,https://geektogeekmedia.com/geekery/isolomus-review-plasticine-has-never-been-creepier/
1504740,https://www.fortressofdoors.com/making-a-videogame-cover-that-doesnt-suck/
1506980,https://genelmag.com/article/lay-a-beauty-to-rest-the-darkness-peach-blossom-spring-a-review
1518670,https://store.steampowered.com/app/1518670/CBT_With_Yuuka_Kazami_Patchouli_Knowledges_Surprise/
1520760,https://store.epicgames.com/en-US/p/tyrants-blessing-02fddd
1523740,https://startselect.com/nl-en/endless-legend-monstrous-tales-pc-mac/65447
1529810,https://psycholonials.bandcamp.com/album/psycholonials
1531471,https://bleedingcool.com/games/cities-skylines-receives-several-new-content-packs/
1544510,https://store.steampowered.com/app/1544510/_/
1622770,https://theescaperoomer.com/doors-paradox-review/
570970,https://www.pcgamingwiki.com/wiki/Arena:_An_Age_of_Barbarians_Story
1670120,https://store.steampowered.com/app/1670120/Turn_the_Line/
1692340,https://adventuregamers.com/games/view/44594
1726384,https://www.instant-gaming.com/en/10306-buy-cities-skylines-calm-the-mind-radio-pc-mac-game-steam/
1797340,https://www.mobygames.com/game/177820/deep-rock-galactic-rival-tech-pack/
1849370,https://www.yuplay.com/product/sgs-pacific-d-day/
1859290,https://store.steampowered.com/app/1859290/Crypto_Miner_Tycoon_Simulator/
1867530,https://altarofgaming.com/game/solar-ash/
1879380,https://store.steampowered.com/app/1879380/Paper_Bride_2_Zangling_Village/
1883650,https://www.amazon.ca/Endzone-World-Apart-Complete-Playstation/dp/B0C2DFDFY9
1918040,https://hernanmarandino.bandcamp.com/album/army-of-ruin-original-game-soundtrack
1928140,https://en.wikipedia.org/wiki/Tunic_%28video_game%29
1969850,https://store.steampowered.com/app/1969850/Downpurr/
2017220,https://realsport101.com/football-manager/football-manager-2023-editor-everything-you-need-to-know-about-the-ultimate-customisation-tool/
2055140,https://www.instant-gaming.com/en/13978-buy-melvor-idle-throne-of-the-herald-pc-mac-game-steam/
2208920,https://me.ign.com/en/gallery/172790/assassins-creed-valhalla-box-art-logos?p=1
91100,https://en.wikipedia.org/wiki/SkyDrift
200710,https://www.torchlight2.com/
207816,https://payday.fandom.com/wiki/PAYDAY:_The_Heist_Soundtrack
214990,https://store.steampowered.com/app/214990/Hearts_of_Iron_III_Italian_Vehicle_Pack/
239120,https://www.ign.com/games/final-fantasy-iii-3d-remake
242640,https://tvtropes.org/pmwiki/pmwiki.php/VideoGame/StyxMasterOfShadows
277764,https://gg.deals/dlc/train-simulator-amtrak-p30ch-loco-add-on/
289180,https://strategywiki.org/wiki/A.I.M._2:_Clan_Wars
307780,https://www.imdb.com/title/tt3772796/
316445,https://store.steampowered.com/app/316445/DW8XLCE__OLD_COSTUME_PACK_4/
320351,https://residentevil.fandom.com/wiki/Episode_4:_Metamorphosis
338960,https://twitter.com/PkmnBrainrot/status/1554486116753063941
343463,https://store.steampowered.com/app/343463/Total_War_ATTILA__Empires_of_Sand_Culture_Pack/
353700,https://www.pcgamingwiki.com/wiki/The_Deadly_Tower_of_Monsters
354400,https://bitfinitygames.com/shop-2/
356450,https://www.samanthalienhard.com/2020/02/celebrating-all-things-romantic-creature-romances-kokonoe-kokoro.html
361040,https://www.doomanddestiny.com/doom-destiny-advanced/
379568,https://store.steampowered.com/app/379568/FSX_Steam_Edition__Piper_Aztec_AddOn/
384690,https://kawasefan.net/wiki/Sayonara_Umihara_Kawase
386940,https://store.steampowered.com/app/386940/Ultimate_Chicken_Horse/
388479,https://store.steampowered.com/app/388479/Euro_Truck_Simulator_2__Hungarian_Paint_Jobs_Pack/
399670,https://steamcommunity.com/app/399670
414740,https://www.imdb.com/title/tt8017160/
414780,https://www.mobygames.com/game/75905/knight-squad-extra-chivalrous/cover/group-119487/cover-317297/
415170,https://mygaming.co.za/news/features/113201-video-game-cover-art-then-and-now
416210,https://en.wikipedia.org/wiki/Block%27hood
425840,https://www.paydaythegame.com/news/payday2/2016/01/payday-2-day-1-of-the-goat-simulator-heist/
453100,https://store.steampowered.com/app/453100/Frederic_Resurrection_of_Music_Directors_Cut/
2173400,https://bleedingcool.com/games/super-animal-royale-launched-season-6-this-month/
454140,https://store.steampowered.com/app/454140/First_Person_Tennis__The_Real_Tennis_Simulator/
497700,https://store.steampowered.com/app/497700/Safety_First/
503680,http://www.thegaygamer.com/2011/07/earth-seeker-has-some-seriously-sexy.html
527470,https://www.lifeisxbox.eu/review-donutsnjustice/
544970,https://www.matthewmarchitto.com/blog/2017/1/14/milkmaid-of-the-milky-way
546050,https://en.wikipedia.org/wiki/Puyo_Puyo_Tetris_2
547480,https://store.steampowered.com/app/547480/Carly_and_the_Reaperman__Escape_from_the_Underworld/
560940,https://www.mobygames.com/game/82751/uno-rayman-theme/
590950,https://www.mobygames.com/game/169838/toaster-jam/
610360,https://www.peakpx.com/en/hd-wallpaper-desktop-agpdx
624320,https://store.steampowered.com/app/818200/Loyalty_and_Blood_Viktor_Origins_OST/
648800,https://en.wikipedia.org/wiki/Raft_%28video_game%29
661280,https://boardgamegeek.com/boardgame/187273/dresden-files-cooperative-card-game
708770,https://www.pxfuel.com/en/desktop-wallpaper-ijibf
740290,https://www.pcgamingwiki.com/wiki/Irony_of_Nightmare
763693,https://store.steampowered.com/app/763693/Monster_Hunter_World__Face_Paint_Eye_Shadow/
782330,https://culturedvultures.com/doom-eternal-box-art/
806140,https://www.youtube.com/watch?v=IGH2KpaeWhI
834150,https://store.steampowered.com/app/834150/Glare1more/
586020,https://www.pinterest.com/dimetree24/bad-video-game-cover-art/
854940,https://en.wikipedia.org/wiki/Ikenfell
863590,https://tvtropes.org/pmwiki/pmwiki.php/VideoGame/StarcomNexus
872670,https://store.steampowered.com/app/872670/SCP_5K/
876850,https://store.steampowered.com/app/876850/WhiteLily_1/
942540,https://store.epicgames.com/en-US/p/guacamelee-2-three-enemigos-29de05
953230,https://store.steampowered.com/app/953230/Quiver_Dicks_Terrible_Tale_For_Terrible_Parents_To_Read_To_Their_Equally_Terrible_Children/
961840,https://store.steampowered.com/app/961840/Warhammer_40000_Gladius__Reinforcement_Pack/
999260,https://store.ubisoft.com/ca/for-honor-year-3-pass/5bfd4c29ca1a64ea70fe0f03.html?lang=en
1026070,https://www.pcgamingwiki.com/wiki/12_Labours_of_Hercules_IX:_A_Hero%27s_Moonwalk
1059430,https://www.mobygames.com/game/140024/pagan-peak-vr/cover/group-243970/cover-622175/
1077600,https://store.steampowered.com/app/1077600/Song_Beater_Quite_My_Tempo/
1080250,https://www.deezer.com/en/artist/796800
1138850,https://www.gameinformer.com/product/heavenly-bodies
1197160,https://store.steampowered.com/app/1197160/Code_3_Police_Response/
1199630,https://www.mobygames.com/game/139652/terratech-weapons-of-war-pack/cover/group-243386/cover-620680/
1213700,https://en.wikipedia.org/wiki/Spirit_of_the_North
1235720,https://sims.fandom.com/wiki/The_Sims_4:_Get_Famous
1252560,https://steamspy.com/app/1255760
1277510,https://www.yesasia.com/global/re-life-in-a-different-world-from-zero-the-prophecy-of-the-throne/1095923350-0-0-0-en/image-gallery.html
1302570,https://www.mobygames.com/game/5349/vampire-night/cover/group-8469/cover-18352/
1328350,https://www.ign.com/games/turbo-overkill
1331670,https://store.steampowered.com/app/1585770/International_Space_Banana_Soundtrack/
1335830,https://www.artstation.com/artwork/8exoZq
1339000,https://store.steampowered.com/app/1339000/Aquarium_Designer/
1354520,https://www.pocketgamer.com/wild-honesty/deepen-relationships-meaningful-party-game-dec-9/
1432050,https://en.wikipedia.org/wiki/Nobody_Saves_the_World
1458560,https://store.steampowered.com/app/1458560/Im_on_Observation_Duty_3/
1507190,https://www.fanatical.com/en/game/machinika-museum?page=2
1519070,https://store.steampowered.com/app/1519070/SGS_Halls_of_Montezuma/
1539620,https://personacentral.com/first-monark-rpg-screenshots-released-box-art/
1554130,https://gmgames.org/draft-day-sports-college-basketball-2021/
1575470,https://www.amazon.com/Frogun-Nintendo-Switch/dp/B0BDQJQB4K
1592640,https://store.steampowered.com/app/2021690/Sakura_Alien_2/
616850,https://tvtropes.org/pmwiki/pmwiki.php/VideoGame/RunningWithRifles
2193220,https://www.allkeyshop.com/blog/buy-euro-truck-simulator-2-feldbinder-trailer-pack-cd-key-compare-prices/
1597290,https://www.dreadxp.com/news/swarm-the-city-demo-shambles-onto-steam/
1607530,https://www.amazon.com.au/Treasures-Aegean-Collectors-Nintendo-Switch/dp/B09FYJPS9D
1622800,https://www.nintendolife.com/games/switch-eshop/super_dungeon_maker
1673560,https://store.steampowered.com/app/1673560/Murder_on_the_Marine_Express/
1767250,https://fandomwire.com/shadow-of-the-guild-review-float-like-a-butterfly/
1812420,https://glitchwave.com/game/an-elder-scrolls-legend-battlespire/
1836060,https://store.steampowered.com/app/1836060/MORDHAU__Grotesque_Set/
1843730,https://venturebeat.com/games/you-cant-un-see-these-11-video-game-box-art-cliches/
1849900,https://en.wikipedia.org/wiki/Among_Us_VR
1882140,https://www.matrixgames.com/game/decisive-campaigns-ardennes-offensive
1903460,https://www.thegamer.com/uno-gets-assassins-creed-valhalla-themed-cards/
1919720,https://howlongtobeat.com/game/115856
1946310,https://www.imdb.com/title/tt10414810/
2084930,https://www.mobygames.com/game/199570/ever-seen-a-cat-3/
2176420,https://store.steampowered.com/app/2176420/CULTIC_Soundtrack/
2181930,https://store.steampowered.com/app/2181930/DR_LIVESEY_ROM_AND_DEATH_EDITION/
2224330,https://store.steampowered.com/app/2224330/Outbreak_2030/
619210,https://www.roadtovr.com/hands-4d-toys-mind-bending-unique-vr-puzzler/
752450,https://store.steampowered.com/app/752450/CarX_Drift_Racing_Online__Gold/
2200,https://twitter.com/depthsofwiki/status/1633635040906162176
11450,https://www.pcgamingwiki.com/wiki/Overlord_%282007%29
42890,https://www.amazon.com/Sword-Stars-Complete-Collection-PC/dp/B003FH3PE8
111800,https://steamcommunity.com/app/111800
208818,https://store.steampowered.com/app/208818/Tomb_Raider_SureShot_Skin/
215080,https://store.steampowered.com/app/215080/WAKFU/
224141,https://www.mobygames.com/game/97735/borderlands-2-gunzerker-greasy-grunt-pack/cover/group-155315/cover-436157/
226100,https://www.mobygames.com/game/85959/pixeljunk-nom-nom-galaxy/
226120,https://store.steampowered.com/app/226120/Weird_Worlds_Return_to_Infinite_Space/
233150,https://www.pinterest.com/pin/luftrausers-art-games-artgame--357614026661112937/
255070,https://www.steamgamecovers.com/covers/abyss-odyssey/4366
260750,https://www.mobygames.com/game/9536/neighbors-from-hell/
269190,https://store.epicgames.com/en-US/p/edge-of-eternity
297120,https://store.steampowered.com/app/297120/Heavy_Bullets/
306391,https://store.steampowered.com/app/306391/Tropico_5__The_Big_Cheese/
306397,https://store.steampowered.com/app/306397/Tropico_5__Gone_Green/
312370,"https://www.pcgamingwiki.com/wiki/Warhammer_40,000:_Armageddon"
292820,https://www.pcgamingwiki.com/wiki/Pajama_Sam_4:_Life_Is_Rough_When_You_Lose_Your_Stuff!
312520,https://www.pxfuel.com/en/query?q=rain+world+game
317040,https://en.wikipedia.org/wiki/Strife_%281996_video_game%29
328230,https://store.steampowered.com/app/328230/A_Bird_Story__Original_Soundtrack/
401680,https://www.imdb.com/title/tt5736944/
407330,https://www.allkeyshop.com/blog/buy-sakura-dungeon-cd-key-compare-prices/
423366,https://store.steampowered.com/app/423366/Sport_Float_Pack/
433490,https://store.steampowered.com/app/433490/Super_Flippin_Phones/
438140,https://www.gameology.com.au/products/star-realms-deckbuilding-game
440420,https://www.mobygames.com/game/103286/true-fear-forsaken-souls-part-1/
487210,https://store.playstation.com/en-au/product/EP4040-CUSA01761_00-PD2DLCBIKERHST16
490890,https://www.imdb.com/title/tt10991252/
503940,https://www.amazon.co.uk/Railway-Empire-F%C3%BCr-Windows-64-Bit/dp/B076SNPTZJ
505730,https://holy-potatoes-were-in-space.fandom.com/wiki/Holy_Potatoes!_We%27re_in_Space%3F!
507400,https://www.mobygames.com/game/87791/vindictive-drive/
513330,https://store.steampowered.com/app/513330/Party_Tycoon/
521630,https://horrorcultfilms.co.uk/2016/11/toadled-pc-game-review/
538021,https://www.instant-gaming.com/en/4146-buy-europa-universalis-iv-mandate-of-heaven-content-pack-pc-game-steam/
546200,https://store.playstation.com/en-au/product/EP4384-CUSA09444_00-GG3PS4000000000E
567290,https://gaming.ebaumsworld.com/pictures/15-hilariously-over-sexed-video-game-covers-that-make-no-sense/86429633/
698540,https://store.steampowered.com/app/698540/Dungeon_Warfare_2/
652190,https://www.imdb.com/title/tt7625142/
673260,https://glitchwave.com/game/starblast-io/release/browser/
721700,https://store.steampowered.com/app/721700/Holomento/
809850,https://www.pcgamingwiki.com/wiki/Sudoku_Zenkai
825730,https://en.wikipedia.org/wiki/Tzar:_The_Burden_of_the_Crown
861270,https://www.mobygames.com/game/148376/sudoku-killer/
879250,https://www.etsy.com/au/listing/454746874/video-game-dot-to-dots
905340,https://www.igdb.com/games/heave-ho
929120,https://store.steampowered.com/app/929120/Hop_Step_Sing_Nozokanaide_Naked_Heart_HQ_Edition/
960980,https://www.imdb.com/title/tt11247712/
978270,https://store.steampowered.com/app/979852/Sam__Dan_Floaty_Flatmates__Donationware_Tier_3/
979700,https://store.steampowered.com/app/979700/DOKA_2_Humans_Wizards_and_Elves_DLC1/
981701,https://gg.deals/dlc/don-t-starve-together-forge-weapons-chest/
1049790,https://www.spaceengineersgame.com/game/space-engineers-decorative-pack-1/
1080550,https://store.steampowered.com/app/2307471/DJMAX_RESPECT_V__V_EXTENSION_IV_PACK/
1101300,https://downloads.khinsider.com/game-soundtracks/album/bloodstained-ritual-of-the-night-soundtrack
1101790,https://www.warmongrels.com/
1130630,https://store.steampowered.com/app/1130630/Armello__The_Dragon_Clan/
1168470,https://store.steampowered.com/app/1168470/_Melancholy_Love/
1174390,https://store.steampowered.com/app/1174390/ANNIELast_Hope/
1178490,https://www.pcgamingwiki.com/wiki/Paranormal_HK
1237525,https://store.steampowered.com/app/1237525/MY_HERO_ONES_JUSTICE_2_DLC_Pack_5_Gentle__La_Brava/
1250740,https://en.wikipedia.org/wiki/Tourist_Bus_Simulator
1262572,https://store.steampowered.com/app/1262572/Need_for_Speed_Most_Wanted_Complete_DLC_Bundle/
1274570,https://glitchwave.com/game/devour/
1287601,https://www.gog.com/en/game/desperados_iii_money_for_the_vultures_part_2_five_steps_ahead
1324270,https://store.steampowered.com/app/1324270/Space_Station_Tycoon/
1335240,https://store.steampowered.com/app/1335240/Idle_HeroesOdyssey/
1335840,https://store.steampowered.com/app/1335840/Forts__Pro_HUD/
1350200,https://www.ign.com/games/immortality
1379930,https://store.steampowered.com/app/1379930/Power__Revolution_2020_Edition/
1381530,https://www.mobygames.com/game/201418/mess-adventures/
1416420,https://www.instant-gaming.com/en/8693-buy-expansion-europa-universalis-iv-leviathan-pc-mac-game-steam-europe/
1450100,https://en.wikipedia.org/wiki/Lunar:_The_Silver_Star
1487870,https://store.steampowered.com/app/1487870/Putin_kills_Christmas/
1537910,https://store.steampowered.com/app/1537910/Chaos_Galaxy_2/
1542100,https://store.steampowered.com/app/1542100/Wheelie_King_Online/
1556870,https://en.wikipedia.org/wiki/Golf_Club:_Wasteland
654900,https://www.wallpaperflare.com/search?wallpaper=Queen+of+pain
1586290,https://howlongtobeat.com/game/99730
1590561,https://en.bandainamcoent.eu/scarlet-nexus/scarlet-nexus
1591450,https://www.neogaf.com/threads/the-art-of-mirrored-game-boxes-aka-haah-waaw.446672/
1620290,https://store.steampowered.com/app/1620290/Zombie_Cure_Lab/
1640470,https://store.steampowered.com/app/1640470/Steel_Division_2__Tribute_to_the_Liberation_of_Italy/
1650610,https://store.steampowered.com/app/1650610/Flight_74/
1654480,https://store.epicgames.com/en-US/p/payday-2-payday-2-the-ukrainian-prisoner-heist-0f1b7b
1694200,https://store.steampowered.com/app/1694200/Dragon_And_Home/
1701380,https://www.cricket.com.au/news/cricket-22-new-cover-art-pat-cummins-tim-paine-delayed-release-ashes-australia-england-ps5-xbox/2021-11-23
1882420,https://store.steampowered.com/app/1882420/Learn_Programming_Python__Remake/
1896880,https://en.wikipedia.org/wiki/Dungeons_of_Dreadrock
1922060,https://steamcommunity.com/app/1922060
1931510,https://www.mobygames.com/game/193467/attacker-chan/
1937110,https://www.pinterest.com/pin/uwu--1017039528329021336/
1998340,https://www.amazon.com.au/Labyrinth-Galleria-Moon-Society-PlayStation/dp/B0B4PSFC75
2137220,https://store.epicgames.com/en-US/p/democracy-4--country-pack
2145810,https://www.mobygames.com/game/199477/bumblebee-little-bee-adventure/cover/group-358618/cover-862562/
2150830,https://store.steampowered.com/app/2150830/Underworld_Island/
2239000,https://store.steampowered.com/app/2239000/The_Forgotten_Tapes_Analog_Nightmares/
6300,https://www.giantbomb.com/dreamfall-the-longest-journey/3030-2426/images/
15370,https://www.mobygames.com/game/30569/heroes-of-might-and-magic-v-tribes-of-the-east/
35419,https://www.greenmangaming.com/games/killing-floor-londons-finest-character-pack/
48705,https://www.mobygames.com/game/61598/mount-blade-warband-napoleonic-wars/cover/group-98955/cover-269545/
91700,https://www.giantbomb.com/eye-divine-cybermancy/3030-29717/images/
206040,https://store.steampowered.com/app/206040/Avernum_5/
207620,https://www.imdb.com/title/tt3059776/
219680,https://www.ign.com/games/proteus
221810,https://vgboxart.com/view/66222/the-cave-cover/
222611,https://store.steampowered.com/app/222611/Train_Simulator_BNSF_ES44DC_Loco_AddOn/
238910,https://www.pcgamingwiki.com/wiki/Bionic_Dues
245450,https://en.wikipedia.org/wiki/Wizardry_8
249230,https://www.mobygames.com/game/82076/risen-3-titan-lords-complete-edition/cover/group-178931/cover-488585/
252490,https://scout339.artstation.com/projects/LYgmR
253690,https://www.imdb.com/title/tt3305776/
283640,https://en.wikipedia.org/wiki/Salt_and_Sanctuary
1255040,https://howlongtobeat.com/game/119215
297590,https://en.wikipedia.org/wiki/Monsters_Ate_My_Birthday_Cake
298160,https://store.steampowered.com/app/315050/Eldevin__Deluxe_Pack/
302180,https://howlongtobeat.com/game/20900
323850,https://en.wikipedia.org/wiki/Move_or_Die
328080,https://store.steampowered.com/app/328080/Rise_to_Ruins/
329440,https://www.nintendolife.com/games/3ds/sonic_lost_world/cover
333880,https://indiegamereviewer.com/review-braveland-wizard/
364640,https://www.youtube.com/watch?v=c9PBalz2qpc
368080,https://www.heypoorplayer.com/2016/12/26/aurion-legacy-of-the-kori-odan/
384630,https://strategywiki.org/wiki/Aviary_Attorney
388420,https://venturebeat.com/games/you-cant-un-see-these-11-video-game-box-art-cliches/
439501,https://store.steampowered.com/app/439501/LEGO_MARVELs_Avengers_DLC__Classic_Captain_Marvel_Pack/
513290,https://www.imdb.com/title/tt27204163/
520500,https://store.steampowered.com/app/520500/The_Final_Station_OST_and_Artbook_DLC/
551690,https://www.pcgamingwiki.com/wiki/Counter_Fight:_Samurai_Edition
597220,https://lightintheattic.net/releases/7934-west-of-loathing-original-video-game-soundtrack
599140,https://store.steampowered.com/app/919051/Graveyard_Keeper_Artbook/
601810,https://www.deviantart.com/the-real-tunners/art/Cover-Art-Spark-the-Electric-Jester-2-825365194
1232251,https://store.steampowered.com/app/1232254/Borderlands_3_Retro_Cosmetic_Pack/
682450,https://store.steampowered.com/app/1290660/Garrison_Archangel_Soundtrack/
694190,https://www.gog.com/en/game/cossacks_3_the_golden_age
696880,https://www.pcgamingwiki.com/wiki/2D_Paintball
721430,https://nerdburglars.net/videogame/my-coloring-book-2/
751110,https://learnvr.org/portfolio/overview-a-walk-through-the-universe/
759000,https://sarazol.artstation.com/projects/L2G5yP
762174,https://store.steampowered.com/app/762174/Monster_Hunter_World__Gesture_Devil_May_Cry_Dual_Guns/
769180,https://store.steampowered.com/app/570840/_Nekojishi/
813540,https://www.pcgamingwiki.com/wiki/Scheming_Through_The_Zombie_Apocalypse:_The_Beginning
861870,https://store.playstation.com/en-us/product/UP0102-CUSA07713_00-CHARAREMAKEPAID1
871930,https://store.steampowered.com/app/871930/GLADIABOTS__AI_Combat_Arena/
874390,https://www.pcgamingwiki.com/wiki/The_Battle_of_Polytopia
916000,https://www.reddit.com/r/HollowKnight/comments/hlx26p/gods_nightmares_cover_art_redraw/
932850,https://store.steampowered.com/app/932850/Simmiland/
936720,https://www.nintendolife.com/reviews/nintendo-switch/clive-n-wrench
970560,https://www.gamespot.com/games/steinsgate-my-darlings-embrace/
1000714,https://store.playstation.com/en-us/product/UP1449-CUSA06941_00-REVPAC0000000000
1002560,https://store.steampowered.com/app/1002560/Tiny_Snow/
1004330,https://www.cnet.com/reviews/my-fitness-coach-dance-workout-review/
1017900,https://www.mobygames.com/game/106506/age-of-empires-definitive-edition/
1022830,https://www.gog.com/en/game/steel_division_2_back_to_war_pack
1030500,https://www.wingamestore.com/product/11268/Yakuza-Kiwami-2-Clan-Creator-Bundle/
1049890,https://www.amazon.com.au/Little-Witch-Nobeta-Nintendo-Switch/dp/B0BLWDSS6C
1070860,https://www.instant-gaming.com/en/8575-buy-serin-fate-pc-game-steam/
1079830,https://en.wikipedia.org/wiki/Cris_Tales
1108590,https://hitechcentury.com/eldest-souls-game/
1116310,https://store.steampowered.com/app/1116310/American_Truck_Simulator__Space_Paint_Jobs_Pack/
1124030,https://isakmartinsson.bandcamp.com/album/fran-bow-original-soundtrack
1126470,https://store.steampowered.com/app/1543750/Jewel_Match_Atlantis_Solitaire_2__Collectors_Edition/
1151530,https://blerdyotome.com/2019/06/21/lets-show-our-support-for-sci-fi-bl-vn-synthetic-lover/
1178880,https://en.wikipedia.org/wiki/Panzer_Dragoon_%28video_game%29
1209470,https://store.steampowered.com/app/1209470/American_Truck_Simulator__Idaho/
1246950,https://en.wikipedia.org/wiki/Where_in_the_World_Is_Carmen_Sandiego%3F_%281996_video_game%29
1253920,https://en.wikipedia.org/wiki/Rogue_Legacy_2
1257940,https://neverendingrealm.com/news/playstations-shadow-madness-arrives-this-month-to-pc/
1261220,https://www.game-ost.com/albums/523922/the_neverland_of_the_mountain_and_sea_original_video_game_soundtrack/
1268380,https://www.reddit.com/r/dndnext/comments/7l2yo8/endless_rpg_is_a_random_dungeon_generator_for/
1274140,https://www.pcgamingwiki.com/wiki/One_Dreamer
1275330,https://scandification.com/best-viking-norse-video-games/
1292040,https://homestuck-and-mspa-music.fandom.com/wiki/Stride
2101380,https://store.epicgames.com/en-US/p/train-sim-world-3--new-journeys-s-bahn-koln-br-423
1314300,https://store.steampowered.com/app/1314300/Flying_Hero_VR/
1321230,https://store.steampowered.com/app/1321230/Angels_of_Death_EpisodeEddie/
1323210,https://truesteamachievements.com/game/Coloring-Pixels/achievements
1335090,https://www.materiacollective.com/music/breath-of-fire-iii-remastered-tracks
1361230,https://www.kickstarter.com/projects/christophschultz/cleo-a-pirates-tale
1435960,https://store.steampowered.com/app/1435960/Potato_Party_Hash_It_Out/
1460040,https://www.fortressofdoors.com/making-a-videogame-cover-that-doesnt-suck/
1467870,https://store.steampowered.com/app/1467870/Mystery_Case_Files_Crossfade_Collectors_Edition/
1485340,https://mafiagame.fandom.com/wiki/Mafia:_Definitive_Edition_Artwork
1502380,https://grogheads.com/aars/20741
1516330,https://www.mobygames.com/game/127198/ninja-gaiden-3-acolyte-pack-2/cover/group-213713/cover-561218/
1602660,https://www.gog.com/en/game/fishing_north_atlantic_scallops
1631350,https://www.nintendo.com/store/products/fight-of-steel-infinity-warrior-switch/
1633370,https://www.behance.net/gallery/58090047/The-Crew-2
1653100,https://www.shortlist.com/news/50-greatest-video-game-covers
1677410,https://www.mobygames.com/game/175693/romeow-to-the-cracked-mars/
1710170,https://en.wikipedia.org/wiki/Severance:_Blade_of_Darkness
1729300,https://store.steampowered.com/app/1729300/PlayForm_Human_Dynamics/
1751270,https://nerdbacon.com/gungrave-vr/1-12/
1751750,https://store.steampowered.com/app/1931720/Red_Solstice_2_Survivors__INSURGENTS/
1760280,https://store.steampowered.com/app/1760280/Insurgency_Sandstorm__Warlord_Gear_Set/
1764300,https://www.mobygames.com/game/185955/kingdoms-and-castles-parks-statues/releases/
1777520,https://store.steampowered.com/app/1777520/Handball_Manager_2022/
1828740,https://store.steampowered.com/app/1828740/My_Nemesis_and_Hero__Slice_of_Life_Boys_Love_BL_Visual_Novel/
1876560,https://www.mobygames.com/game/184328/save-the-reactor/
1899620,https://www.mobygames.com/game/184147/outdoor-adventures-with-marisa-kirisame/
1918370,https://store.steampowered.com/app/1918370/Euro_Truck_Simulator_2__Ukrainian_Paint_Jobs_Pack/
1966500,https://en.wikipedia.org/wiki/American_Gladiators_%28video_game%29
1996930,https://www.gq-magazine.co.uk/article/best-video-games-all-time
2060670,https://store.steampowered.com/app/2060670/Sue_Shi_Survival/
2089450,https://www.mobygames.com/game/193954/hot-springs-story-2/promo/group-119457/image-925651/
2100050,https://www.pinterest.com/pin/363806476134735100/
2114560,https://www.mobygames.com/game/191235/succubus-onoskelis/promo/group-117062/image-908553/
2139260,https://www.xbox.com/en-AU/games/store/call-of-duty-league-launch-pack/9PB0H51KTF1R
2199230,https://store.steampowered.com/app/2199230/The_Winter_Tower/
37960,https://www.amazon.com.au/Jewel-Quest-Crown-Collection-Games/dp/B00BYD056G
43600,https://nancydrew.fandom.com/wiki/Warnings_at_Waverly_Academy
231466,https://store.steampowered.com/app/231466/CoH_2__German_Commander_Spearhead_Doctrine/
2118740,https://store.steampowered.com/app/2118740/Farming_Simulator_22__Volvo_T_425_Krabat/
91600,https://en.wikipedia.org/wiki/Sanctum_%282011_video_game%29
216890,https://www.beastsofwar.com/video-games/blood-bowl-chaos-edition-bloodthirsty-cover/
228280,https://en.wikipedia.org/wiki/Baldur%27s_Gate_II:_Enhanced_Edition
249870,https://dc.fandom.com/wiki/Scribblenauts_Unmasked:_A_DC_Comics_Adventure_%28Collected%29
256460,http://www.hardcoregaming101.net/cosmic-star-heroine/393073-cosmic-star-heroine-playstation-4-front-cover/
267788,https://www.gog.com/en/game/talisman_the_blood_moon_expansion
283880,https://store.steampowered.com/app/283880/Heroines_Quest_The_Herald_of_Ragnarok/
285740,https://www.imdb.com/title/tt6870378/
287390,https://www.imdb.com/title/tt15452912/
309991,https://store.steampowered.com/app/309991/Killing_Floor__Neon_Weapon_Pack/
313630,https://www.pushsquare.com/reviews/ps4/the_solus_project
317710,https://venturebeat.com/games/you-cant-un-see-these-11-video-game-box-art-cliches/
324160,https://en.wikipedia.org/wiki/Clannad_%28video_game%29
335290,https://www.pcgamingwiki.com/wiki/Farming_Simulator_15
352610,https://www.youtube.com/watch?v=dprsFhqKa_o
361850,https://store.steampowered.com/app/361850/Portal_of_Evil_Stolen_Runes_Collectors_Edition/
364340,https://steamdb.info/app/364340/info/
397160,https://store.steampowered.com/app/397160/Aurora_Dusk_Steam_Age/
513710,https://en.wikipedia.org/wiki/Scum_%28video_game%29
513730,https://www.gog.com/en/game/hyperdimension_neptunia_rebirth1_deluxe_pack
521430,https://www.reddit.com/r/smashbros/comments/8qkiy5/cover_art_for_super_smash_bros_ultimate/
527700,https://www.pcgamingwiki.com/wiki/Containment_Initiative
530598,https://store.steampowered.com/app/530598/Reload_Coin__Madhouse_Mode_Unlock/
540510,https://en.wikipedia.org/wiki/Islands:_Non-Places
577670,https://www.nintendotimes.com/2020/01/24/demolish-build-2018-review/
611040,https://play.google.com/store/apps/details?id=com.theholycowstudio.youtubertycoon&hl=en
622220,https://store.steampowered.com/app/622220/FateEXTELLA_LINK/
635200,https://loot.game/en/product/cheerdealers_distrust-polar-survival
664180,https://store.steampowered.com/app/664180/Draw_Puzzle/
682480,https://store.steampowered.com/app/682480/__The_untold_story_of_hengshui_school/
690810,https://www.pcgamingwiki.com/wiki/Killing_Floor:_Incursion
691280,https://nintendosoup.com/sinner-sacrifice-for-redemption-announced-for-nintendo-switch/
691320,https://wall.alphacoders.com/by_sub_category.php?id=285248&name=Gun+Club+VR+Wallpapers
704200,https://www.pcgamingwiki.com/wiki/The_Chronicles_of_Nyanya
704840,https://store.steampowered.com/app/704840/The_Walking_Vegetables/
299110,https://www.mobygames.com/game/71371/theatre-of-the-absurd/
720250,https://welcometothegame.fandom.com/wiki/Welcome_to_the_Game_II
733990,https://store.steampowered.com/app/733990/I_Cant_Believe_Its_Not_Gambling/
772610,https://gamemaker.io/it/showcase/q-yo-blaster
859700,https://goombastomp.com/best-video-game-cover-arts-of-2020/
867700,https://www.mobygames.com/game/120178/the-wilting-amaranth/
894020,https://gstylemag.com/2021/08/09/deaths-door-is-simple/
967320,https://store.steampowered.com/app/967320/CarX_Drift_Racing_Online__New_Style_2/
980591,https://store.steampowered.com/app/980591/Euro_Truck_Simulator_2__Latvian_Paint_Jobs_Pack/
1036480,https://www.vegard.net/not-tonight-one-love-review/
1098100,https://www.rapidreviewsuk.com/ohshape-oculus-quest-review/
1118880,https://ebihime.itch.io/rituals
1121420,https://www.steamgamecovers.com/covers/kingdom-under-fire-the-crusaders/6690
1139160,https://store.steampowered.com/app/1139160/Divided_Reigns/
1146960,https://tvtropes.org/pmwiki/pmwiki.php/VideoGame/Frostpunk
1157390,https://www.ign.com/games/king-arthur-knights-tale
1164000,https://store.steampowered.com/app/1164000/_sixstep_mystery/
1225070,https://store.steampowered.com/app/1225070/Family_Mysteries_Poisonous_Promises/
1235747,https://www.amazon.co.uk/Sims-Dine-Out-PC-Code/dp/B01HE2H4X2
1235751,https://www.amazon.co.uk/Sims-Vintage-Glamour-Stuff-PC-Code/dp/B01N2PKDAB
1254870,https://www.youtube.com/watch?v=rrFHDX8YvE8
1257280,https://store.steampowered.com/bundle/31662/Monuments_Flipper__Coal_Mining_Simulator/?snr=1_5_9__403
1257290,https://store.playstation.com/en-Au/product/EP4108-PPSA02094_00-ATELIERYZA2DDX00
1264790,https://en.wikipedia.org/wiki/Destiny_%28video_game%29
1300770,https://gamingcypher.com/railroad-corporation-releases-civil-war-dlc-on-steam/railroad-corporation-civil-war-key-art-gaming-cypher/
1301520,https://store.steampowered.com/app/1301520/Wrestledunk_Sports/
1314230,https://store.steampowered.com/app/1314230/Battle_Dawn_2_Terra_Reborn/
1348140,https://store.steampowered.com/app/1348140/Resident_Evil_3__All_Ingame_Rewards_Unlock/
1398100,https://store.steampowered.com/app/1398100/Orwells_Animal_Farm/
1425270,https://www.kickstarter.com/projects/la-foret-de-pago/pago-forest-tower-defense-0
1429752,https://store.steampowered.com/app/1429752/Train_Simulator_South_Wales_Coastal_Bristol__Swansea_Route_Addon/
1437340,https://www.mobygames.com/game/153875/my-name-is-mayo-2/
1446770,https://store.steampowered.com/app/1446770/Some_Some_Convenience_Store__Yena_After_Story/
1545450,https://blipblop.net/incredibox-lp-to-be-released-for-the-games-10th-anniversary/
1578950,https://steamcommunity.com/app/1578950
1588340,https://www.reddit.com/r/Games/comments/u5l9qy/riftbound_barrel_smash_studios_a_plants_vs/
1648560,https://store.steampowered.com/app/1648560/Nursery_Slime/
2123890,https://store.steampowered.com/app/2123890/Call_to_Arms__Gates_of_Hell_Scorched_Earth/
1700130,https://store.steampowered.com/app/1700130/Baking_Bustle_Ashleys_Dream/
1710610,https://store.steampowered.com/app/1710610/Car_Mechanic_Simulator_2018__Hot_Rod_Custom_Cars/
1726190,https://store.steampowered.com/app/1726190/No_Straight_Roads_Encore_Edition/
1779180,https://store.steampowered.com/app/1779180/Knights_Try/
1794400,https://www.youtube.com/watch?v=1mLzoXv34Ek
1875310,https://www.mobygames.com/game/196557/pro-basketball-manager-2023/
1882240,https://www.gog.com/game/forgotten_realms_the_archives_collection_one
1966460,https://store.playstation.com/en-gb/product/EP4291-CUSA15859_00-THEHUNTGAME00041
1975340,https://whatsnew.games/game/haitenai-rpg
2109620,https://www.mobygames.com/game/194748/aery-path-of-corruption/cover/group-353714/cover-852155/
2112230,https://store.steampowered.com/app/2112230/Car_Mechanic_Simulator_2021__Aston_Martin_DLC/
2196790,https://www.play-asia.com/jianghu-survivor/13/70g81v
2197890,https://www.play-asia.com/paranormal-cleanup/13/70g28j
2243040,https://streetcleaner.bandcamp.com/album/music-from-and-inspired-by-street-cleaner-the-video-game
49600,https://en.wikipedia.org/wiki/Beat_Hazard
57600,https://www.giantbomb.com/tropico-3-absolute-power/3030-30573/
200170,https://www.artstation.com/artwork/68PWkr
208600,https://www.pcgamingwiki.com/wiki/Lunar_Flight
213250,https://glitchwave.com/game/borderlands-2-sir-hammerlock%E2%80%99s-big-game-hunt/
243780,https://www.mobygames.com/game/69500/pixeljunk-monsters-ultimate-hd/
263700,https://play.google.com/store/apps/details?id=com.angrymobgames.muffinknight&hl=en_US
282070,https://this-war-of-mine.fandom.com/wiki/User_blog:Razorgirl/Main_Page_Sand_Pit
284440,https://tropico.fandom.com/wiki/Tropico_5
304930,https://www.artstation.com/artwork/JvPZAA
321270,https://www.nintendolife.com/news/2019/09/feature_the_worst_box_art_of_all_time_-_10_terrible_game_covers
328070,https://www.twitch.tv/directory/game/Reflex%20Arena/videos/all
348300,https://store.steampowered.com/app/348300/Chips_Challenge_2/
369440,https://www.imdb.com/title/tt11896746/
377860,https://www.mobygames.com/game/47362/mushihimesama-futari-ver-15/cover/group-71246/cover-192134/
382260,https://store.steampowered.com/app/382260/8Bit_Fiesta__Party_Game/
397030,https://www.pcgamingwiki.com/wiki/Go!_Go!_Nippon!_~My_First_Trip_to_Japan~
407200,https://store.steampowered.com/app/407200/Dungeon_of_the_ENDLESS__Rescue_Team_Addon/
419480,https://www.imdb.com/title/tt6960358/mediaindex
428100,https://store.steampowered.com/app/428100/Beyond_Reality/
429570,https://walkingdead.fandom.com/wiki/The_Walking_Dead:_Michonne
449250,https://store.steampowered.com/app/449250/A_Little_Lily_Princess/
459010,https://opencritic.com/game/3584/ghost-town-mine-ride-shootin-gallery
460780,https://store.steampowered.com/app/460780/Avadon_3_The_Warborn/
467380,https://www.imdb.com/title/tt10332394/
475960,https://www.pcgamingwiki.com/wiki/Bombslinger
498240,https://en.wikipedia.org/wiki/Batman:_The_Enemy_Within
499620,https://store.steampowered.com/app/499620/Ultimate_Booster_Experience/
501590,https://en.wikipedia.org/wiki/Bulletstorm
513480,https://glassball.fandom.com/wiki/Geo_TV_%28video_game%29
521210,https://www.mobygames.com/game/194736/timore-5/cover/group-351042/cover-846666/
527610,https://gg.deals/dlc/rustangelo-pro-basic/
531166,https://store.steampowered.com/app/531166/DEAD_OR_ALIVE_5_Last_Round_Core_Fighters_Character_Honoka/
564310,https://steamcommunity.com/app/564310/images/?p=1&browsefilter=toprated
570090,https://www.articy.com/en/category/articydraft/
572510,https://www.thexboxhub.com/defeat-the-menacing-hotdog-aliens-in-superola-champion-edition/
621920,https://store.steampowered.com/app/621920/Train_Simulator_Western_Hydraulics_Pack_AddOn/
623080,https://www.mobygames.com/game/195623/planetarian-hd-edition/
639270,https://store.steampowered.com/app/639270/Operation_Warcade_VR/
657240,https://store.steampowered.com/app/657240/Tracks__The_Train_Set_Game/
715194,https://store.steampowered.com/app/715194/Cities_Skylines__Industries/
718600,https://store.steampowered.com/app/718600/Steel_Division_Normandy_44__Deluxe_Edition_Upgrade_Pack/
2152880,https://store.playstation.com/en-au/product/EP4389-CUSA30582_00-THECOSMICSHAKEEU
2222342,https://store.steampowered.com/app/2222342/Squad__RR_Pack/
728880,https://www.amazon.com.au/Sold-Out-SOS01183-Overcooked-2/dp/B07DPKYRRL
729460,https://en.wikipedia.org/wiki/Distant_Worlds_2
738650,https://nova-box.bandcamp.com/album/seers-isle-original-soundtrack
754850,https://www.pcgamingwiki.com/wiki/The_Spy_Who_Shrunk_Me
766560,https://store.steampowered.com/app/766560/The_Fruitless_Flower/
804870,https://store.steampowered.com/app/804870/Armed_to_the_Gears/
806490,https://venturebeat.com/games/you-cant-un-see-these-11-video-game-box-art-cliches/
874345,https://www.dekudeals.com/items/soulcalibur-vi-dlc1-tira
909820,https://www.pcgamingwiki.com/wiki/Songbird_Symphony
933480,https://www.gog.com/game/enderal_forgotten_stories
939620,https://www.pcgamingwiki.com/wiki/Pleasure_Puzzle:_Portrait
942230,https://store.steampowered.com/app/942230/Coloring_Pixels__Flag_Pack/
948830,https://store.steampowered.com/app/948830/__Symbiotic_Love/
977230,https://store.steampowered.com/app/977230/Mars_Power_Industries_Deluxe/
988450,https://www.youtube.com/watch?v=Poj-gIGawx0
992490,https://store.steampowered.com/app/1005972/iVRy_Driver_for_SteamVR_Mobile_Device_Premium_Edition/
1022980,https://store.steampowered.com/app/1022980/Ostranauts/
1026970,https://bagogames.com/spaceengine-review/
1058200,https://store.steampowered.com/app/1058200/Pixel_Puzzles_Traditional_Jigsaws/
2122050,https://store.steampowered.com/app/2122050/Touhou_Mystias_Izakaya_DLC25_Pack/
1070020,https://www.pcgamingwiki.com/api/appid.php?appid=1070020
1101450,https://www.pcgamingwiki.com/wiki/Miss_Neko
1104220,https://store.steampowered.com/app/1104220/Kyle_Simulator/
1105590,https://www.ign.com/games/dream-cycle
1108450,https://www.mobygames.com/game/148141/war-thunder-us-starter-pack/
1131800,https://www.mobygames.com/game/152338/pixel-puzzle-makeout-league/
1133050,https://store.steampowered.com/app/1133050/Good_Night_Knight/
1148020,https://www.instant-gaming.com/en/8389-buy-cities-skylines-content-creator-pack-modern-city-center-pc-mac-game-steam/
1160243,https://www.mobygames.com/game/136337/mortal-kombat-11-masquerade-skin-pack/
1173850,https://www.nintendolife.com/games/3ds-eshop/zombie_panic_in_wonderland_dx
1189780,https://www.imdb.com/title/tt12640172/
1194160,https://store.steampowered.com/app/1194160/OneEyed_Lee_and_the_Dinner_Party/
1245470,https://store.steampowered.com/app/1245470/Ultimate_Ski_Jumping_2020/
1257310,https://www.nintendolife.com/reviews/switch-eshop/mechstermination_force
1271380,https://store.steampowered.com/app/1271380/Street_Cleaner_The_Video_Game/
1304449,https://www.justtrains.net/product/train-sim-world-canadian-national-oakville-subdivision-hamilton-oakville-route-addon
1309200,https://store.steampowered.com/app/1309200/3D_Math__Ultra/
1315300,https://www.gog.com/en/game/megaquarium_freshwater_frenzy_deluxe_expansion
1331220,https://wiki.warthunder.com/XM-1_%28GM%29
1342080,https://www.kaguragames.com/the-maiden-the-butler-and-the-witch-is-now-available/
1346730,https://store.steampowered.com/app/1346730/Stream_Avatars_Extra_Upload/
1364760,https://www.pcgamingwiki.com/wiki/Cotton_2:_Magical_Night_Dreams
1388230,https://store.steampowered.com/app/1388230/DANMAKAI_Red_Forbidden_Fruit/
1401220,https://store.steampowered.com/app/1401220/_/
1414250,https://www.well-played.com.au/corpse-factory-review/
1449670,https://store.steampowered.com/app/1449670/Relics_of_the_Lost_Age/
1459820,https://metroid.fandom.com/wiki/Metroid_Prime_Hunters
1512480,https://venturebeat.com/games/you-cant-un-see-these-11-video-game-box-art-cliches/
1521810,https://howlongtobeat.com/game/120593
1521870,https://www.facebook.com/riddleofthesphinxgame/
1552480,https://store.steampowered.com/app/1552480/Beach_Buggy_Racing_2_Hot_Wheels_Booster_Pack/
1570750,https://www.tiltfive.com/games/hextones-spacetime
1585220,https://store.steampowered.com/app/1585220/Melatonin/
1620340,https://www.reddit.com/r/WrestlingEmpire/comments/r1pyuf/caw_dump_wwe_edition/
1747050,https://en.wikipedia.org/wiki/Sam_%26_Max_Beyond_Time_and_Space
1869393,https://store.steampowered.com/app/1869393/Train_Simulator_Glasgow_Subway_Route_AddOn/
1893620,https://gideonsgaming.com/circadian-dice-review/
1921760,https://www.nintendolife.com/news/2019/02/kairosoft_brings_pocket_academy_to_switch_eshop_on_7th_february
1923630,https://gonintendo.com/archives/344418-check-out-the-updated-cover-art-for-john-wick-hex
468550,https://koleaudiosolutions.bandcamp.com/album/kenshi-original-soundtrack
2063420,https://store.steampowered.com/app/2063420/CozyTyper/
2109700,https://store.steampowered.com/app/2109700/Temple_of_Horror/
2117930,https://blog.gocollect.com/first-look-at-boom-studios-power-rangers-drakkon-new-dawn-3/
2188960,https://www.mobygames.com/game/197248/vampire-slayer-the-resurrection/cover/group-354819/cover-854468/
2254650,https://tvtropes.org/pmwiki/pmwiki.php/VideoGame/NoelTheMortalFate
7600,https://en.wikipedia.org/wiki/Sid_Meier%27s_Railroads!
32330,https://en.wikipedia.org/wiki/Lego_Indiana_Jones:_The_Original_Adventures
61700,https://en.wikipedia.org/wiki/Might_%26_Magic:_Clash_of_Heroes
63000,https://boardgamegeek.com/boardgame/180471/hoard
207350,https://twitter.com/CoolBoxArt/status/1290602084769857536
228380,https://en.wikipedia.org/wiki/Wreckfest
239090,https://store.steampowered.com/app/1397790/Samurai_Gunn_2/
